trace_link_id,project_id,source_type,source_id,target_type,target_id,link_type
TL-2001,P-002,Requirement,REQ-2001,Task,T-2001,implemented_by
TL-2002,P-002,Requirement,REQ-2001,TestCase,TC-2001,verified_by
TL-2003,P-002,Requirement,REQ-2001,Milestone,M-202,delivered_in
TL-2004,P-002,Requirement,REQ-2002,Task,T-2002,implemented_by
TL-7001,P-007,Requirement,REQ-7001,Task,T-7001,implemented_by
TL-7002,P-007,Requirement,REQ-7001,TestCase,TC-7003,verified_by
TL-7003,P-007,Requirement,REQ-7001,Milestone,M-702,delivered_in
TL-7004,P-007,Requirement,REQ-7002,TestCase,TC-7002,verified_by
TL-7005,P-007,Requirement,REQ-7002,Milestone,M-703,delivered_in
TL-7006,P-007,Requirement,REQ-7003,Task,T-7004,implemented_by
TL-1101,P-011,Requirement,REQ-1101,Task,T-1101,implemented_by
TL-1102,P-011,Requirement,REQ-1101,TestCase,TC-1101,verified_by
TL-1103,P-011,Requirement,REQ-1102,TestCase,TC-1102,verified_by
TL-1401,P-014,Requirement,REQ-1401,TestCase,TC-1401,verified_by
TL-1901,P-019,Requirement,REQ-1901,Task,T-1901,implemented_by
TL-1902,P-019,Requirement,REQ-1901,TestCase,TC-1901,verified_by
TL-2301,P-023,Requirement,REQ-2301,TestCase,TC-2301,verified_by
TL-2701,P-027,Requirement,REQ-2701,TestCase,TC-2701,verified_by
TL-3101,P-031,Requirement,REQ-3101,TestCase,TC-3101,verified_by
TL-3501,P-035,Requirement,REQ-3501,TestCase,TC-3501,verified_by
TL-3502,P-035,Requirement,REQ-3502,Task,T-3501,implemented_by
